{
    "Ar36": {
        "error": 0.00021604948347574222, 
        "filter_outliers_dict": {
            "filter_outliers": true, 
            "iterations": 1, 
            "std_devs": 2
        }, 
        "fit": "Parabolic", 
        "value": 0.009220649159524474
    }, 
    "Ar37": {
        "error": 0.005094137155833449, 
        "filter_outliers_dict": {
            "filter_outliers": true, 
            "iterations": 1, 
            "std_devs": 2
        }, 
        "fit": "linear", 
        "value": 0.08089730579974372
    }, 
    "Ar38": {
        "error": 0.0022861665002768144, 
        "filter_outliers_dict": {
            "filter_outliers": true, 
            "iterations": 1, 
            "std_devs": 2
        }, 
        "fit": "linear", 
        "value": 0.08952473474646627
    }, 
    "Ar39": {
        "error": 0.010169121560075201, 
        "filter_outliers_dict": {
            "filter_outliers": true, 
            "iterations": 1, 
            "std_devs": 2
        }, 
        "fit": "Parabolic", 
        "value": 9.674226597776206
    }, 
    "Ar40": {
        "error": 0.010942668571619758, 
        "filter_outliers_dict": {
            "filter_outliers": true, 
            "iterations": 1, 
            "std_devs": 2
        }, 
        "fit": "Parabolic", 
        "value": 36.63684145597698
    }, 
    "Ar41": {
        "error": 0.003606219986143402, 
        "filter_outliers_dict": {
            "filter_outliers": true, 
            "iterations": 1, 
            "std_devs": 2
        }, 
        "fit": "linear", 
        "value": -0.07729119481725683
    }
}