{
    "Ar36": {
        "error": 0.00021875416066789082, 
        "filter_outliers_dict": {
            "filter_outliers": true, 
            "iterations": 1, 
            "std_devs": 2
        }, 
        "fit": "Parabolic", 
        "value": 0.0077059742734606074
    }, 
    "Ar37": {
        "error": 0.004688434692236654, 
        "filter_outliers_dict": {
            "filter_outliers": true, 
            "iterations": 1, 
            "std_devs": 2
        }, 
        "fit": "linear", 
        "value": 0.0827173498092723
    }, 
    "Ar38": {
        "error": 0.002404570738213999, 
        "filter_outliers_dict": {
            "filter_outliers": true, 
            "iterations": 1, 
            "std_devs": 2
        }, 
        "fit": "linear", 
        "value": -0.031449133381584136
    }, 
    "Ar39": {
        "error": 0.00927496624083727, 
        "filter_outliers_dict": {
            "filter_outliers": true, 
            "iterations": 1, 
            "std_devs": 2
        }, 
        "fit": "Parabolic", 
        "value": 0.2249299976000773
    }, 
    "Ar40": {
        "error": 0.0072268644247328664, 
        "filter_outliers_dict": {
            "filter_outliers": true, 
            "iterations": 1, 
            "std_devs": 2
        }, 
        "fit": "Parabolic", 
        "value": 3.4722591497440547
    }, 
    "Ar41": {
        "error": 0.0037282767327147873, 
        "filter_outliers_dict": {
            "filter_outliers": true, 
            "iterations": 1, 
            "std_devs": 2
        }, 
        "fit": "linear", 
        "value": -0.08078669955985648
    }
}