{
    "Ar36": {
        "error": 0.00019242770933881846, 
        "filter_outliers_dict": {
            "filter_outliers": true, 
            "iterations": 1, 
            "std_devs": 2
        }, 
        "fit": "Parabolic", 
        "value": 0.0062578614534500076
    }, 
    "Ar37": {
        "error": 0.004974172988600119, 
        "filter_outliers_dict": {
            "filter_outliers": true, 
            "iterations": 1, 
            "std_devs": 2
        }, 
        "fit": "linear", 
        "value": 0.05100306025859743
    }, 
    "Ar38": {
        "error": 0.0021437449866994335, 
        "filter_outliers_dict": {
            "filter_outliers": true, 
            "iterations": 1, 
            "std_devs": 2
        }, 
        "fit": "linear", 
        "value": -0.030769412395059797
    }, 
    "Ar39": {
        "error": 0.00931164544755249, 
        "filter_outliers_dict": {
            "filter_outliers": true, 
            "iterations": 1, 
            "std_devs": 2
        }, 
        "fit": "Parabolic", 
        "value": 0.40065586201023423
    }, 
    "Ar40": {
        "error": 0.008436972544123546, 
        "filter_outliers_dict": {
            "filter_outliers": true, 
            "iterations": 1, 
            "std_devs": 2
        }, 
        "fit": "Parabolic", 
        "value": 2.2677979013191467
    }, 
    "Ar41": {
        "error": 0.0037028002676630337, 
        "filter_outliers_dict": {
            "filter_outliers": true, 
            "iterations": 1, 
            "std_devs": 2
        }, 
        "fit": "linear", 
        "value": -0.07747302813058578
    }
}