{
    "Ar36": {
        "error": 0.0010295630668639467, 
        "filter_outliers_dict": {
            "filter_outliers": true, 
            "iterations": 1, 
            "std_devs": 2
        }, 
        "fit": "Parabolic", 
        "value": 0.3875902153817653
    }, 
    "Ar37": {
        "error": 0.005119189770327678, 
        "filter_outliers_dict": {
            "filter_outliers": true, 
            "iterations": 1, 
            "std_devs": 2
        }, 
        "fit": "linear", 
        "value": 0.06918611791656794
    }, 
    "Ar38": {
        "error": 0.0022285607872413785, 
        "filter_outliers_dict": {
            "filter_outliers": true, 
            "iterations": 1, 
            "std_devs": 2
        }, 
        "fit": "linear", 
        "value": 0.07451177020036079
    }, 
    "Ar39": {
        "error": 0.009662609262703783, 
        "filter_outliers_dict": {
            "filter_outliers": true, 
            "iterations": 1, 
            "std_devs": 2
        }, 
        "fit": "Parabolic", 
        "value": 1.4940428269402521
    }, 
    "Ar40": {
        "error": 0.015145973873763909, 
        "filter_outliers_dict": {
            "filter_outliers": true, 
            "iterations": 1, 
            "std_devs": 2
        }, 
        "fit": "Parabolic", 
        "value": 120.78118241001478
    }, 
    "Ar41": {
        "error": 0.003623346896226595, 
        "filter_outliers_dict": {
            "filter_outliers": true, 
            "iterations": 1, 
            "std_devs": 2
        }, 
        "fit": "linear", 
        "value": -0.05698471793548109
    }
}