{
    "Ar36": {
        "error": 0.0008575824995468666, 
        "filter_outliers_dict": {
            "filter_outliers": true, 
            "iterations": 1, 
            "std_devs": 2
        }, 
        "fit": "Parabolic", 
        "value": 0.16630939190954475
    }, 
    "Ar37": {
        "error": 0.012426876936158253, 
        "filter_outliers_dict": {
            "filter_outliers": true, 
            "iterations": 1, 
            "std_devs": 2
        }, 
        "fit": "linear", 
        "value": 0.045457303851226497
    }, 
    "Ar38": {
        "error": 0.012651190734866306, 
        "filter_outliers_dict": {
            "filter_outliers": true, 
            "iterations": 1, 
            "std_devs": 2
        }, 
        "fit": "linear", 
        "value": -1.3541545654116829
    }, 
    "Ar39": {
        "error": 0.023212560715643833, 
        "filter_outliers_dict": {
            "filter_outliers": true, 
            "iterations": 1, 
            "std_devs": 2
        }, 
        "fit": "Parabolic", 
        "value": 0.38760242883270707
    }, 
    "Ar40": {
        "error": 0.023061720099323127, 
        "filter_outliers_dict": {
            "filter_outliers": true, 
            "iterations": 1, 
            "std_devs": 2
        }, 
        "fit": "Parabolic", 
        "value": 58.00720966010513
    }
}