{
    "AX": {
        "error": 0.004641088966012648, 
        "filter_outliers_dict": {
            "filter_outliers": true, 
            "iterations": 1, 
            "std_devs": 2
        }, 
        "fit": "average", 
        "value": 0.11386864059409273
    }, 
    "CDD": {
        "error": 3.392130080652264e-06, 
        "filter_outliers_dict": {
            "filter_outliers": true, 
            "iterations": 1, 
            "std_devs": 10
        }, 
        "fit": "average", 
        "value": 9.889673660670533e-06
    }, 
    "H1": {
        "error": 0.0036644573911406007, 
        "filter_outliers_dict": {
            "filter_outliers": true, 
            "iterations": 1, 
            "std_devs": 2
        }, 
        "fit": "average", 
        "value": 0.0886113505100777
    }, 
    "H2": {
        "error": 0.003103139194943742, 
        "filter_outliers_dict": {
            "filter_outliers": true, 
            "iterations": 1, 
            "std_devs": 2
        }, 
        "fit": "average", 
        "value": -0.09307415759047835
    }, 
    "L1": {
        "error": 0.0017810205811160384, 
        "filter_outliers_dict": {
            "filter_outliers": true, 
            "iterations": 1, 
            "std_devs": 2
        }, 
        "fit": "average", 
        "value": -0.04027209666825813
    }, 
    "L2": {
        "error": 0.003944145079571241, 
        "filter_outliers_dict": {
            "filter_outliers": true, 
            "iterations": 1, 
            "std_devs": 2
        }, 
        "fit": "average", 
        "value": 0.0018563042467843415
    }
}